CREATE DATABASE  IF NOT EXISTS `hcinema` /*!40100 DEFAULT CHARACTER SET utf8mb4 COLLATE utf8mb4_0900_ai_ci */ /*!80016 DEFAULT ENCRYPTION='N' */;
USE `hcinema`;
-- MySQL dump 10.13  Distrib 8.0.41, for Win64 (x86_64)
--
-- Host: 127.0.0.1    Database: hcinema
-- ------------------------------------------------------
-- Server version	8.0.41

/*!40101 SET @OLD_CHARACTER_SET_CLIENT=@@CHARACTER_SET_CLIENT */;
/*!40101 SET @OLD_CHARACTER_SET_RESULTS=@@CHARACTER_SET_RESULTS */;
/*!40101 SET @OLD_COLLATION_CONNECTION=@@COLLATION_CONNECTION */;
/*!50503 SET NAMES utf8 */;
/*!40103 SET @OLD_TIME_ZONE=@@TIME_ZONE */;
/*!40103 SET TIME_ZONE='+00:00' */;
/*!40014 SET @OLD_UNIQUE_CHECKS=@@UNIQUE_CHECKS, UNIQUE_CHECKS=0 */;
/*!40014 SET @OLD_FOREIGN_KEY_CHECKS=@@FOREIGN_KEY_CHECKS, FOREIGN_KEY_CHECKS=0 */;
/*!40101 SET @OLD_SQL_MODE=@@SQL_MODE, SQL_MODE='NO_AUTO_VALUE_ON_ZERO' */;
/*!40111 SET @OLD_SQL_NOTES=@@SQL_NOTES, SQL_NOTES=0 */;

--
-- Table structure for table `admin`
--

DROP TABLE IF EXISTS `admin`;
/*!40101 SET @saved_cs_client     = @@character_set_client */;
/*!50503 SET character_set_client = utf8mb4 */;
CREATE TABLE `admin` (
  `admin_id` int NOT NULL AUTO_INCREMENT,
  `username` varchar(50) NOT NULL,
  `password` varchar(255) DEFAULT NULL,
  `city` varchar(100) NOT NULL,
  PRIMARY KEY (`admin_id`),
  UNIQUE KEY `username` (`username`)
) ENGINE=InnoDB AUTO_INCREMENT=8 DEFAULT CHARSET=utf8mb4 COLLATE=utf8mb4_0900_ai_ci;
/*!40101 SET character_set_client = @saved_cs_client */;

--
-- Dumping data for table `admin`
--

LOCK TABLES `admin` WRITE;
/*!40000 ALTER TABLE `admin` DISABLE KEYS */;
INSERT INTO `admin` VALUES (1,'maro','4fc82b26aecb47d2868c4efbe3581732a3e7cbcc6c2efb32062c08170a05eeb8','London'),(2,'mady','4fc82b26aecb47d2868c4efbe3581732a3e7cbcc6c2efb32062c08170a05eeb8','Bristol'),(4,'amr','4fc82b26aecb47d2868c4efbe3581732a3e7cbcc6c2efb32062c08170a05eeb8','Birmingham'),(5,'mivida','4fc82b26aecb47d2868c4efbe3581732a3e7cbcc6c2efb32062c08170a05eeb8','Cardiff'),(7,'asd','5994471abb01112afcc18159f6cc74b4f511b99806da59b3caf5a9c173cacfc5','Newcastle');
/*!40000 ALTER TABLE `admin` ENABLE KEYS */;
UNLOCK TABLES;

--
-- Table structure for table `booked_seats`
--

DROP TABLE IF EXISTS `booked_seats`;
/*!40101 SET @saved_cs_client     = @@character_set_client */;
/*!50503 SET character_set_client = utf8mb4 */;
CREATE TABLE `booked_seats` (
  `seatID` int NOT NULL,
  `showings_id` int NOT NULL,
  `Date` date NOT NULL,
  PRIMARY KEY (`seatID`,`showings_id`,`Date`)
) ENGINE=InnoDB DEFAULT CHARSET=utf8mb4 COLLATE=utf8mb4_0900_ai_ci;
/*!40101 SET character_set_client = @saved_cs_client */;

--
-- Dumping data for table `booked_seats`
--

LOCK TABLES `booked_seats` WRITE;
/*!40000 ALTER TABLE `booked_seats` DISABLE KEYS */;
INSERT INTO `booked_seats` VALUES (1174,1,'2025-04-27'),(1207,2,'2025-04-19'),(1246,1,'2025-04-18'),(1248,1,'2025-04-20'),(1395,9,'2025-04-19'),(1417,9,'2025-04-19'),(1552,68,'2025-04-27'),(1554,68,'2025-04-27');
/*!40000 ALTER TABLE `booked_seats` ENABLE KEYS */;
UNLOCK TABLES;

--
-- Table structure for table `booking`
--

DROP TABLE IF EXISTS `booking`;
/*!40101 SET @saved_cs_client     = @@character_set_client */;
/*!50503 SET character_set_client = utf8mb4 */;
CREATE TABLE `booking` (
  `booking_id` int NOT NULL AUTO_INCREMENT,
  `showing_id` int NOT NULL,
  `movie_name` varchar(255) NOT NULL,
  `ticket_category` varchar(50) NOT NULL,
  `first_name` varchar(50) NOT NULL,
  `last_name` varchar(50) NOT NULL,
  `show_time` varchar(50) NOT NULL,
  `number_of_tickets` int NOT NULL,
  `booking_date` date NOT NULL,
  `phone_number` varchar(20) NOT NULL,
  PRIMARY KEY (`booking_id`)
) ENGINE=InnoDB AUTO_INCREMENT=35 DEFAULT CHARSET=utf8mb4 COLLATE=utf8mb4_0900_ai_ci;
/*!40101 SET character_set_client = @saved_cs_client */;

--
-- Dumping data for table `booking`
--

LOCK TABLES `booking` WRITE;
/*!40000 ALTER TABLE `booking` DISABLE KEYS */;
INSERT INTO `booking` VALUES (23,1,'Harry Potter and the Sorcerer\'s Stone','VIP','ahmed','abdalla','12:00 PM',1,'2025-04-18','123'),(24,1,'Harry Potter and the Sorcerer\'s Stone','VIP','ahmed','abdalla','12:00 PM',1,'2025-04-20','123'),(27,2,'Harry Potter and the Sorcerer\'s Stone','Lowe Hall','asd','sdad','3:00 PM',1,'2025-04-19','21'),(28,9,'Harry Potter and the Sorcerer\'s Stone','Upper Hall','ahmed','abdalla','8:00 PM',1,'2025-04-19','123'),(29,9,'Harry Potter and the Sorcerer\'s Stone','Lowe Hall','ahmed','abdalla','8:00 PM',1,'2025-04-19','123'),(31,8,'Harry Potter and the Sorcerer\'s Stone','VIP','asd','test','12:00 PM',1,'2025-04-23','91123'),(33,1,'Harry Potter and the Sorcerer\'s Stone','Upper Hall','ahmed','abdalla','12:00 PM',1,'2025-04-27','123'),(34,68,'The Joker','VIP','ahmed','abdalla','3:00 PM',2,'2025-04-27','123');
/*!40000 ALTER TABLE `booking` ENABLE KEYS */;
UNLOCK TABLES;

--
-- Table structure for table `category`
--

DROP TABLE IF EXISTS `category`;
/*!40101 SET @saved_cs_client     = @@character_set_client */;
/*!50503 SET character_set_client = utf8mb4 */;
CREATE TABLE `category` (
  `Category_ID` int NOT NULL AUTO_INCREMENT,
  `Category_Name` varchar(255) DEFAULT NULL,
  `Field` varchar(255) DEFAULT NULL,
  PRIMARY KEY (`Category_ID`)
) ENGINE=InnoDB AUTO_INCREMENT=4 DEFAULT CHARSET=utf8mb4 COLLATE=utf8mb4_0900_ai_ci;
/*!40101 SET character_set_client = @saved_cs_client */;

--
-- Dumping data for table `category`
--

LOCK TABLES `category` WRITE;
/*!40000 ALTER TABLE `category` DISABLE KEYS */;
INSERT INTO `category` VALUES (1,'VIP','Premium seating with extra comfort'),(2,'Upper Hall','Upper Hall standard seating'),(3,'Lowe Hall','Lower Hall standard seating');
/*!40000 ALTER TABLE `category` ENABLE KEYS */;
UNLOCK TABLES;

--
-- Table structure for table `cinemas`
--

DROP TABLE IF EXISTS `cinemas`;
/*!40101 SET @saved_cs_client     = @@character_set_client */;
/*!50503 SET character_set_client = utf8mb4 */;
CREATE TABLE `cinemas` (
  `City` varchar(255) NOT NULL,
  `Number_Of_Screens` int DEFAULT NULL,
  PRIMARY KEY (`City`)
) ENGINE=InnoDB DEFAULT CHARSET=utf8mb4 COLLATE=utf8mb4_0900_ai_ci;
/*!40101 SET character_set_client = @saved_cs_client */;

--
-- Dumping data for table `cinemas`
--

LOCK TABLES `cinemas` WRITE;
/*!40000 ALTER TABLE `cinemas` DISABLE KEYS */;
INSERT INTO `cinemas` VALUES ('Birmingham',6),('Bristol',6),('Cardiff',6),('London',6),('Luton',4);
/*!40000 ALTER TABLE `cinemas` ENABLE KEYS */;
UNLOCK TABLES;

--
-- Table structure for table `guest`
--

DROP TABLE IF EXISTS `guest`;
/*!40101 SET @saved_cs_client     = @@character_set_client */;
/*!50503 SET character_set_client = utf8mb4 */;
CREATE TABLE `guest` (
  `first_name` varchar(50) DEFAULT NULL,
  `last_name` varchar(50) DEFAULT NULL,
  `phone_number` varchar(20) NOT NULL,
  PRIMARY KEY (`phone_number`)
) ENGINE=InnoDB DEFAULT CHARSET=utf8mb4 COLLATE=utf8mb4_0900_ai_ci;
/*!40101 SET character_set_client = @saved_cs_client */;

--
-- Dumping data for table `guest`
--

LOCK TABLES `guest` WRITE;
/*!40000 ALTER TABLE `guest` DISABLE KEYS */;
INSERT INTO `guest` VALUES ('Max','Morris','0552626878'),('Mohamed','Abadalla','0565888453'),('ahmed','abdalla','123'),('sadd','ffaf','12314'),('ahmed','abdalla','1234'),('Marwan','ibrahim','123456'),('M','A','123456789'),('adda','waeq','13214'),('saddsa','sadsad','21312441241444'),('ahmed','asffff','4444'),('sadsaf','21ggf','444444555'),('ad','sd','5050505040'),('yasser','ashrafmo','564'),('amr','am','5656565'),('ammo','amomook','8888887'),('asd','test','91123'),('huss','elkos','98756'),('kklj','lkl;k','989879'),('amr','am','989898987');
/*!40000 ALTER TABLE `guest` ENABLE KEYS */;
UNLOCK TABLES;

--
-- Table structure for table `manager`
--

DROP TABLE IF EXISTS `manager`;
/*!40101 SET @saved_cs_client     = @@character_set_client */;
/*!50503 SET character_set_client = utf8mb4 */;
CREATE TABLE `manager` (
  `manager_id` int NOT NULL AUTO_INCREMENT,
  `username` varchar(50) NOT NULL,
  `password` varchar(255) DEFAULT NULL,
  PRIMARY KEY (`manager_id`),
  UNIQUE KEY `username` (`username`)
) ENGINE=InnoDB AUTO_INCREMENT=2 DEFAULT CHARSET=utf8mb4 COLLATE=utf8mb4_0900_ai_ci;
/*!40101 SET character_set_client = @saved_cs_client */;

--
-- Dumping data for table `manager`
--

LOCK TABLES `manager` WRITE;
/*!40000 ALTER TABLE `manager` DISABLE KEYS */;
INSERT INTO `manager` VALUES (1,'mady','4fc82b26aecb47d2868c4efbe3581732a3e7cbcc6c2efb32062c08170a05eeb8');
/*!40000 ALTER TABLE `manager` ENABLE KEYS */;
UNLOCK TABLES;

--
-- Table structure for table `movie_showings`
--

DROP TABLE IF EXISTS `movie_showings`;
/*!40101 SET @saved_cs_client     = @@character_set_client */;
/*!50503 SET character_set_client = utf8mb4 */;
CREATE TABLE `movie_showings` (
  `Showing_id` int NOT NULL AUTO_INCREMENT,
  `Movie_id` int DEFAULT NULL,
  `Screen_id` int DEFAULT NULL,
  `show_time` varchar(10) DEFAULT NULL,
  `city` varchar(255) DEFAULT NULL,
  `time_id` int DEFAULT NULL,
  PRIMARY KEY (`Showing_id`),
  KEY `Movie_id` (`Movie_id`),
  KEY `Screen_id` (`Screen_id`),
  KEY `fk_city` (`city`),
  CONSTRAINT `fk_city` FOREIGN KEY (`city`) REFERENCES `cinemas` (`City`),
  CONSTRAINT `movie_showings_ibfk_1` FOREIGN KEY (`Movie_id`) REFERENCES `movies` (`Movie_ID`) ON DELETE CASCADE,
  CONSTRAINT `movie_showings_ibfk_2` FOREIGN KEY (`Screen_id`) REFERENCES `screen` (`Screen_ID`) ON DELETE CASCADE
) ENGINE=InnoDB AUTO_INCREMENT=70 DEFAULT CHARSET=utf8mb4 COLLATE=utf8mb4_0900_ai_ci;
/*!40101 SET character_set_client = @saved_cs_client */;

--
-- Dumping data for table `movie_showings`
--

LOCK TABLES `movie_showings` WRITE;
/*!40000 ALTER TABLE `movie_showings` DISABLE KEYS */;
INSERT INTO `movie_showings` VALUES (1,1,13,'12:00 PM','London',3),(2,1,13,'3:00 PM','London',3),(3,1,13,'6:00 PM','London',4),(4,2,14,'11:00 AM','London',2),(6,2,14,'3:00 PM','London',3),(7,2,14,'7:00 PM','London',4),(8,1,7,'12:00 PM','Bristol',3),(9,1,7,'8:00 PM','Bristol',4),(10,1,7,'12:00 AM','Bristol',2),(11,5,11,'12:00 PM','Bristol',3),(12,3,15,'12:00 PM','London',3),(13,3,15,'3:00 PM','London',3),(14,3,15,'6:00 PM','London',4),(15,4,16,'12:00 AM','London',2),(17,4,16,'9:00 PM','London',4),(18,4,16,'4:00 PM','London',3),(19,2,8,'1:30 PM','Bristol',3),(20,2,8,'4:45 PM','Bristol',3),(21,2,8,'10:00 PM','Bristol',4),(22,3,9,'11:00 AM','Bristol',2),(23,3,9,'2:00 PM','Bristol',3),(25,4,10,'12:00 AM','Bristol',2),(26,4,10,'3:00 PM','Bristol',3),(27,4,10,'6:00 PM','Bristol',4),(28,1,1,'12:00 PM','Birmingham',3),(29,1,1,'3:00 PM','Birmingham',3),(30,1,1,'6:00 PM','Birmingham',4),(31,2,2,'1:00 PM','Birmingham',3),(32,2,2,'4:00 PM','Birmingham',3),(33,2,2,'7:00 PM','Birmingham',4),(34,3,3,'2:00 PM','Birmingham',3),(35,3,3,'5:00 PM','Birmingham',3),(36,3,3,'8:00 PM','Birmingham',4),(38,4,4,'12:00 AM','Birmingham',2),(39,4,4,'10:00 PM','Birmingham',4),(40,4,4,'8:00 PM','Birmingham',4),(41,1,19,'12:00 PM','Cardiff',3),(42,1,19,'10:00 AM','Cardiff',2),(43,1,19,'3:00 PM','Cardiff',3),(44,2,20,'3:00 PM','Cardiff',3),(45,2,20,'6:00 PM','Cardiff',3),(46,2,20,'9:00 PM','Cardiff',3),(47,3,21,'7:00 PM','Cardiff',4),(48,3,21,'5:00 PM','Cardiff',3),(49,4,22,'6:00 PM','Cardiff',4),(50,4,22,'8:00 PM','Cardiff',4),(51,4,22,'10:00 PM','Cardiff',4),(67,5,17,'12:00 PM','London',3),(68,5,11,'3:00 PM','Bristol',3),(69,5,11,'6:00 PM','Bristol',4);
/*!40000 ALTER TABLE `movie_showings` ENABLE KEYS */;
UNLOCK TABLES;

--
-- Table structure for table `movies`
--

DROP TABLE IF EXISTS `movies`;
/*!40101 SET @saved_cs_client     = @@character_set_client */;
/*!50503 SET character_set_client = utf8mb4 */;
CREATE TABLE `movies` (
  `Movie_ID` int NOT NULL AUTO_INCREMENT,
  `Movie_Description` text,
  `Movie_Name` varchar(255) DEFAULT NULL,
  `Genre` varchar(255) DEFAULT NULL,
  `Rating` varchar(10) DEFAULT NULL,
  `Age` int DEFAULT NULL,
  PRIMARY KEY (`Movie_ID`)
) ENGINE=InnoDB AUTO_INCREMENT=8 DEFAULT CHARSET=utf8mb4 COLLATE=utf8mb4_0900_ai_ci;
/*!40101 SET character_set_client = @saved_cs_client */;

--
-- Dumping data for table `movies`
--

LOCK TABLES `movies` WRITE;
/*!40000 ALTER TABLE `movies` DISABLE KEYS */;
INSERT INTO `movies` VALUES (1,'A young wizard embarks on a magical journey to defeat the dark wizard who killed his parents and threatens the wizarding world.','Harry Potter and the Sorcerer\'s Stone','Fantasy','8.7',10),(2,'A group of explorers journeys into the jungle to find a lost city, only to encounter dangerous creatures and unexpected betrayals.','Indiana Jones and the Raiders of the Lost Ark','Action','8.4',12),(3,'A heartwarming tale of a robot trying to save Earth from ecological collapse, while also finding his own humanity.','WALL-E','Animation','8.0',5),(4,'Action shooter police officer','Max Payne','action','5',12),(5,'The joker is back in Arkam City!!','The Joker','Thriller','8.3',10);
/*!40000 ALTER TABLE `movies` ENABLE KEYS */;
UNLOCK TABLES;

--
-- Table structure for table `price`
--

DROP TABLE IF EXISTS `price`;
/*!40101 SET @saved_cs_client     = @@character_set_client */;
/*!50503 SET character_set_client = utf8mb4 */;
CREATE TABLE `price` (
  `Price_ID` int NOT NULL AUTO_INCREMENT,
  `City` varchar(255) DEFAULT NULL,
  `Category_ID` int DEFAULT NULL,
  `price` decimal(10,2) DEFAULT NULL,
  `time_id` int DEFAULT NULL,
  PRIMARY KEY (`Price_ID`),
  KEY `City` (`City`),
  KEY `Category_ID` (`Category_ID`),
  KEY `time_id` (`time_id`),
  CONSTRAINT `price_ibfk_1` FOREIGN KEY (`City`) REFERENCES `cinemas` (`City`) ON DELETE CASCADE,
  CONSTRAINT `price_ibfk_2` FOREIGN KEY (`Category_ID`) REFERENCES `category` (`Category_ID`) ON DELETE CASCADE,
  CONSTRAINT `time_id` FOREIGN KEY (`time_id`) REFERENCES `time` (`Time_ID`)
) ENGINE=InnoDB AUTO_INCREMENT=64 DEFAULT CHARSET=utf8mb4 COLLATE=utf8mb4_0900_ai_ci;
/*!40101 SET character_set_client = @saved_cs_client */;

--
-- Dumping data for table `price`
--

LOCK TABLES `price` WRITE;
/*!40000 ALTER TABLE `price` DISABLE KEYS */;
INSERT INTO `price` VALUES (1,'London',1,14.40,2),(2,'London',1,15.84,3),(3,'London',1,17.28,4),(28,'Birmingham',1,5.00,2),(29,'Birmingham',1,6.00,3),(30,'Birmingham',1,7.00,4),(31,'Bristol',1,6.00,2),(32,'Bristol',1,7.00,3),(33,'Bristol',1,8.00,4),(34,'Cardiff',1,5.00,2),(35,'Cardiff',1,6.00,3),(36,'Cardiff',1,7.00,4),(37,'London',1,10.00,2),(38,'London',1,11.00,3),(39,'London',1,12.00,4),(40,'Birmingham',2,6.00,2),(41,'Birmingham',2,7.20,3),(42,'Birmingham',2,8.40,4),(43,'Bristol',2,7.20,2),(44,'Bristol',2,8.40,3),(45,'Bristol',2,9.60,4),(46,'Cardiff',2,6.00,2),(47,'Cardiff',2,7.20,3),(48,'Cardiff',2,8.40,4),(49,'London',2,12.00,2),(50,'London',2,13.20,3),(51,'London',2,14.40,4),(52,'Birmingham',3,7.20,2),(53,'Birmingham',3,8.64,3),(54,'Birmingham',3,10.08,4),(55,'Bristol',3,8.64,2),(56,'Bristol',3,10.08,3),(57,'Bristol',3,11.52,4),(58,'Cardiff',3,7.20,2),(59,'Cardiff',3,8.64,3),(60,'Cardiff',3,10.08,4),(61,'London',3,14.40,2),(62,'London',3,15.84,3),(63,'London',3,17.28,4);
/*!40000 ALTER TABLE `price` ENABLE KEYS */;
UNLOCK TABLES;

--
-- Table structure for table `screen`
--

DROP TABLE IF EXISTS `screen`;
/*!40101 SET @saved_cs_client     = @@character_set_client */;
/*!50503 SET character_set_client = utf8mb4 */;
CREATE TABLE `screen` (
  `Screen_ID` int NOT NULL AUTO_INCREMENT,
  `City` varchar(255) DEFAULT NULL,
  `Screen_Number` int DEFAULT NULL,
  `Seating_Capacity` int DEFAULT NULL,
  `UH_Capacity` int DEFAULT NULL,
  `LH_Capacity` int DEFAULT NULL,
  `VIP_Capacity` int DEFAULT NULL,
  PRIMARY KEY (`Screen_ID`),
  KEY `City` (`City`),
  CONSTRAINT `screen_ibfk_1` FOREIGN KEY (`City`) REFERENCES `cinemas` (`City`) ON DELETE CASCADE
) ENGINE=InnoDB AUTO_INCREMENT=125 DEFAULT CHARSET=utf8mb4 COLLATE=utf8mb4_0900_ai_ci;
/*!40101 SET character_set_client = @saved_cs_client */;

--
-- Dumping data for table `screen`
--

LOCK TABLES `screen` WRITE;
/*!40000 ALTER TABLE `screen` DISABLE KEYS */;
INSERT INTO `screen` VALUES (1,'Birmingham',1,100,40,40,20),(2,'Birmingham',2,100,40,40,20),(3,'Birmingham',3,100,40,40,20),(4,'Birmingham',4,100,40,40,20),(5,'Birmingham',5,100,40,40,20),(6,'Birmingham',6,100,40,40,20),(7,'Bristol',1,100,40,40,20),(8,'Bristol',2,100,40,40,20),(9,'Bristol',3,100,40,40,20),(10,'Bristol',4,100,40,40,20),(11,'Bristol',5,100,40,40,20),(12,'Bristol',6,100,40,40,20),(13,'London',1,100,40,40,20),(14,'London',2,100,40,40,20),(15,'London',3,100,40,40,20),(16,'London',4,100,40,40,20),(17,'London',5,100,40,40,20),(18,'London',6,100,40,40,20),(19,'Cardiff',1,100,40,40,20),(20,'Cardiff',2,100,40,40,20),(21,'Cardiff',3,100,40,40,20),(22,'Cardiff',4,100,40,40,20),(23,'Cardiff',5,100,40,40,20),(24,'Cardiff',6,100,40,40,20);
/*!40000 ALTER TABLE `screen` ENABLE KEYS */;
UNLOCK TABLES;

--
-- Table structure for table `seat`
--

DROP TABLE IF EXISTS `seat`;
/*!40101 SET @saved_cs_client     = @@character_set_client */;
/*!50503 SET character_set_client = utf8mb4 */;
CREATE TABLE `seat` (
  `Seat_ID` int NOT NULL AUTO_INCREMENT,
  `Screen_ID` int DEFAULT NULL,
  `Category_ID` int DEFAULT NULL,
  PRIMARY KEY (`Seat_ID`),
  KEY `Screen_ID` (`Screen_ID`),
  KEY `Category_ID` (`Category_ID`),
  CONSTRAINT `seat_ibfk_1` FOREIGN KEY (`Screen_ID`) REFERENCES `screen` (`Screen_ID`) ON DELETE CASCADE,
  CONSTRAINT `seat_ibfk_2` FOREIGN KEY (`Category_ID`) REFERENCES `category` (`Category_ID`)
) ENGINE=InnoDB AUTO_INCREMENT=2961 DEFAULT CHARSET=utf8mb4 COLLATE=utf8mb4_0900_ai_ci;
/*!40101 SET character_set_client = @saved_cs_client */;

--
-- Dumping data for table `seat`
--

LOCK TABLES `seat` WRITE;
/*!40000 ALTER TABLE `seat` DISABLE KEYS */;
INSERT INTO `seat` VALUES (1161,13,2),(1162,13,2),(1163,13,2),(1164,13,2),(1165,13,2),(1166,13,2),(1167,13,2),(1168,13,2),(1169,13,2),(1170,13,2),(1171,13,2),(1172,13,2),(1173,13,2),(1174,13,2),(1175,13,2),(1176,13,2),(1177,13,2),(1178,13,2),(1179,13,2),(1180,13,2),(1181,13,2),(1182,13,2),(1183,13,2),(1184,13,2),(1185,13,2),(1186,13,2),(1187,13,2),(1188,13,2),(1189,13,2),(1190,13,2),(1191,13,2),(1192,13,2),(1193,13,2),(1194,13,2),(1195,13,2),(1196,13,2),(1197,13,2),(1198,13,2),(1199,13,2),(1200,13,2),(1201,13,3),(1202,13,3),(1203,13,3),(1204,13,3),(1205,13,3),(1206,13,3),(1207,13,3),(1208,13,3),(1209,13,3),(1210,13,3),(1211,13,3),(1212,13,3),(1213,13,3),(1214,13,3),(1215,13,3),(1216,13,3),(1217,13,3),(1218,13,3),(1219,13,3),(1220,13,3),(1221,13,3),(1222,13,3),(1223,13,3),(1224,13,3),(1225,13,3),(1226,13,3),(1227,13,3),(1228,13,3),(1229,13,3),(1230,13,3),(1231,13,3),(1232,13,3),(1233,13,3),(1234,13,3),(1235,13,3),(1236,13,3),(1237,13,3),(1238,13,3),(1239,13,3),(1240,13,3),(1241,13,1),(1242,13,1),(1243,13,1),(1244,13,1),(1245,13,1),(1246,13,1),(1247,13,1),(1248,13,1),(1249,13,1),(1250,13,1),(1251,13,1),(1252,13,1),(1253,13,1),(1254,13,1),(1255,13,1),(1256,13,1),(1257,13,1),(1258,13,1),(1259,13,1),(1260,13,1),(1261,14,2),(1262,14,2),(1263,14,2),(1264,14,2),(1265,14,2),(1266,14,2),(1267,14,2),(1268,14,2),(1269,14,2),(1270,14,2),(1271,14,2),(1272,14,2),(1273,14,2),(1274,14,2),(1275,14,2),(1276,14,2),(1277,14,2),(1278,14,2),(1279,14,2),(1280,14,2),(1281,14,2),(1282,14,2),(1283,14,2),(1284,14,2),(1285,14,2),(1286,14,2),(1287,14,2),(1288,14,2),(1289,14,2),(1290,14,2),(1291,14,2),(1292,14,2),(1293,14,2),(1294,14,2),(1295,14,2),(1296,14,2),(1297,14,2),(1298,14,2),(1299,14,2),(1300,14,2),(1301,14,3),(1302,14,3),(1303,14,3),(1304,14,3),(1305,14,3),(1306,14,3),(1307,14,3),(1308,14,3),(1309,14,3),(1310,14,3),(1311,14,3),(1312,14,3),(1313,14,3),(1314,14,3),(1315,14,3),(1316,14,3),(1317,14,3),(1318,14,3),(1319,14,3),(1320,14,3),(1321,14,3),(1322,14,3),(1323,14,3),(1324,14,3),(1325,14,3),(1326,14,3),(1327,14,3),(1328,14,3),(1329,14,3),(1330,14,3),(1331,14,3),(1332,14,3),(1333,14,3),(1334,14,3),(1335,14,3),(1336,14,3),(1337,14,3),(1338,14,3),(1339,14,3),(1340,14,3),(1341,14,1),(1342,14,1),(1343,14,1),(1344,14,1),(1345,14,1),(1346,14,1),(1347,14,1),(1348,14,1),(1349,14,1),(1350,14,1),(1351,14,1),(1352,14,1),(1353,14,1),(1354,14,1),(1355,14,1),(1356,14,1),(1357,14,1),(1358,14,1),(1359,14,1),(1360,14,1),(1361,7,2),(1362,7,2),(1363,7,2),(1364,7,2),(1365,7,2),(1366,7,2),(1367,7,2),(1368,7,2),(1369,7,2),(1370,7,2),(1371,7,2),(1372,7,2),(1373,7,2),(1374,7,2),(1375,7,2),(1376,7,2),(1377,7,2),(1378,7,2),(1379,7,2),(1380,7,2),(1381,7,2),(1382,7,2),(1383,7,2),(1384,7,2),(1385,7,2),(1386,7,2),(1387,7,2),(1388,7,2),(1389,7,2),(1390,7,2),(1391,7,2),(1392,7,2),(1393,7,2),(1394,7,2),(1395,7,2),(1396,7,2),(1397,7,2),(1398,7,2),(1399,7,2),(1400,7,2),(1401,7,3),(1402,7,3),(1403,7,3),(1404,7,3),(1405,7,3),(1406,7,3),(1407,7,3),(1408,7,3),(1409,7,3),(1410,7,3),(1411,7,3),(1412,7,3),(1413,7,3),(1414,7,3),(1415,7,3),(1416,7,3),(1417,7,3),(1418,7,3),(1419,7,3),(1420,7,3),(1421,7,3),(1422,7,3),(1423,7,3),(1424,7,3),(1425,7,3),(1426,7,3),(1427,7,3),(1428,7,3),(1429,7,3),(1430,7,3),(1431,7,3),(1432,7,3),(1433,7,3),(1434,7,3),(1435,7,3),(1436,7,3),(1437,7,3),(1438,7,3),(1439,7,3),(1440,7,3),(1441,7,1),(1442,7,1),(1443,7,1),(1444,7,1),(1445,7,1),(1446,7,1),(1447,7,1),(1448,7,1),(1449,7,1),(1450,7,1),(1451,7,1),(1452,7,1),(1453,7,1),(1454,7,1),(1455,7,1),(1456,7,1),(1457,7,1),(1458,7,1),(1459,7,1),(1460,7,1),(1461,11,2),(1462,11,2),(1463,11,2),(1464,11,2),(1465,11,2),(1466,11,2),(1467,11,2),(1468,11,2),(1469,11,2),(1470,11,2),(1471,11,2),(1472,11,2),(1473,11,2),(1474,11,2),(1475,11,2),(1476,11,2),(1477,11,2),(1478,11,2),(1479,11,2),(1480,11,2),(1481,11,2),(1482,11,2),(1483,11,2),(1484,11,2),(1485,11,2),(1486,11,2),(1487,11,2),(1488,11,2),(1489,11,2),(1490,11,2),(1491,11,2),(1492,11,2),(1493,11,2),(1494,11,2),(1495,11,2),(1496,11,2),(1497,11,2),(1498,11,2),(1499,11,2),(1500,11,2),(1501,11,3),(1502,11,3),(1503,11,3),(1504,11,3),(1505,11,3),(1506,11,3),(1507,11,3),(1508,11,3),(1509,11,3),(1510,11,3),(1511,11,3),(1512,11,3),(1513,11,3),(1514,11,3),(1515,11,3),(1516,11,3),(1517,11,3),(1518,11,3),(1519,11,3),(1520,11,3),(1521,11,3),(1522,11,3),(1523,11,3),(1524,11,3),(1525,11,3),(1526,11,3),(1527,11,3),(1528,11,3),(1529,11,3),(1530,11,3),(1531,11,3),(1532,11,3),(1533,11,3),(1534,11,3),(1535,11,3),(1536,11,3),(1537,11,3),(1538,11,3),(1539,11,3),(1540,11,3),(1541,11,1),(1542,11,1),(1543,11,1),(1544,11,1),(1545,11,1),(1546,11,1),(1547,11,1),(1548,11,1),(1549,11,1),(1550,11,1),(1551,11,1),(1552,11,1),(1553,11,1),(1554,11,1),(1555,11,1),(1556,11,1),(1557,11,1),(1558,11,1),(1559,11,1),(1560,11,1),(1561,15,2),(1562,15,2),(1563,15,2),(1564,15,2),(1565,15,2),(1566,15,2),(1567,15,2),(1568,15,2),(1569,15,2),(1570,15,2),(1571,15,2),(1572,15,2),(1573,15,2),(1574,15,2),(1575,15,2),(1576,15,2),(1577,15,2),(1578,15,2),(1579,15,2),(1580,15,2),(1581,15,2),(1582,15,2),(1583,15,2),(1584,15,2),(1585,15,2),(1586,15,2),(1587,15,2),(1588,15,2),(1589,15,2),(1590,15,2),(1591,15,2),(1592,15,2),(1593,15,2),(1594,15,2),(1595,15,2),(1596,15,2),(1597,15,2),(1598,15,2),(1599,15,2),(1600,15,2),(1601,15,3),(1602,15,3),(1603,15,3),(1604,15,3),(1605,15,3),(1606,15,3),(1607,15,3),(1608,15,3),(1609,15,3),(1610,15,3),(1611,15,3),(1612,15,3),(1613,15,3),(1614,15,3),(1615,15,3),(1616,15,3),(1617,15,3),(1618,15,3),(1619,15,3),(1620,15,3),(1621,15,3),(1622,15,3),(1623,15,3),(1624,15,3),(1625,15,3),(1626,15,3),(1627,15,3),(1628,15,3),(1629,15,3),(1630,15,3),(1631,15,3),(1632,15,3),(1633,15,3),(1634,15,3),(1635,15,3),(1636,15,3),(1637,15,3),(1638,15,3),(1639,15,3),(1640,15,3),(1641,15,1),(1642,15,1),(1643,15,1),(1644,15,1),(1645,15,1),(1646,15,1),(1647,15,1),(1648,15,1),(1649,15,1),(1650,15,1),(1651,15,1),(1652,15,1),(1653,15,1),(1654,15,1),(1655,15,1),(1656,15,1),(1657,15,1),(1658,15,1),(1659,15,1),(1660,15,1),(1661,16,2),(1662,16,2),(1663,16,2),(1664,16,2),(1665,16,2),(1666,16,2),(1667,16,2),(1668,16,2),(1669,16,2),(1670,16,2),(1671,16,2),(1672,16,2),(1673,16,2),(1674,16,2),(1675,16,2),(1676,16,2),(1677,16,2),(1678,16,2),(1679,16,2),(1680,16,2),(1681,16,2),(1682,16,2),(1683,16,2),(1684,16,2),(1685,16,2),(1686,16,2),(1687,16,2),(1688,16,2),(1689,16,2),(1690,16,2),(1691,16,2),(1692,16,2),(1693,16,2),(1694,16,2),(1695,16,2),(1696,16,2),(1697,16,2),(1698,16,2),(1699,16,2),(1700,16,2),(1701,16,3),(1702,16,3),(1703,16,3),(1704,16,3),(1705,16,3),(1706,16,3),(1707,16,3),(1708,16,3),(1709,16,3),(1710,16,3),(1711,16,3),(1712,16,3),(1713,16,3),(1714,16,3),(1715,16,3),(1716,16,3),(1717,16,3),(1718,16,3),(1719,16,3),(1720,16,3),(1721,16,3),(1722,16,3),(1723,16,3),(1724,16,3),(1725,16,3),(1726,16,3),(1727,16,3),(1728,16,3),(1729,16,3),(1730,16,3),(1731,16,3),(1732,16,3),(1733,16,3),(1734,16,3),(1735,16,3),(1736,16,3),(1737,16,3),(1738,16,3),(1739,16,3),(1740,16,3),(1741,16,1),(1742,16,1),(1743,16,1),(1744,16,1),(1745,16,1),(1746,16,1),(1747,16,1),(1748,16,1),(1749,16,1),(1750,16,1),(1751,16,1),(1752,16,1),(1753,16,1),(1754,16,1),(1755,16,1),(1756,16,1),(1757,16,1),(1758,16,1),(1759,16,1),(1760,16,1),(1761,8,2),(1762,8,2),(1763,8,2),(1764,8,2),(1765,8,2),(1766,8,2),(1767,8,2),(1768,8,2),(1769,8,2),(1770,8,2),(1771,8,2),(1772,8,2),(1773,8,2),(1774,8,2),(1775,8,2),(1776,8,2),(1777,8,2),(1778,8,2),(1779,8,2),(1780,8,2),(1781,8,2),(1782,8,2),(1783,8,2),(1784,8,2),(1785,8,2),(1786,8,2),(1787,8,2),(1788,8,2),(1789,8,2),(1790,8,2),(1791,8,2),(1792,8,2),(1793,8,2),(1794,8,2),(1795,8,2),(1796,8,2),(1797,8,2),(1798,8,2),(1799,8,2),(1800,8,2),(1801,8,3),(1802,8,3),(1803,8,3),(1804,8,3),(1805,8,3),(1806,8,3),(1807,8,3),(1808,8,3),(1809,8,3),(1810,8,3),(1811,8,3),(1812,8,3),(1813,8,3),(1814,8,3),(1815,8,3),(1816,8,3),(1817,8,3),(1818,8,3),(1819,8,3),(1820,8,3),(1821,8,3),(1822,8,3),(1823,8,3),(1824,8,3),(1825,8,3),(1826,8,3),(1827,8,3),(1828,8,3),(1829,8,3),(1830,8,3),(1831,8,3),(1832,8,3),(1833,8,3),(1834,8,3),(1835,8,3),(1836,8,3),(1837,8,3),(1838,8,3),(1839,8,3),(1840,8,3),(1841,8,1),(1842,8,1),(1843,8,1),(1844,8,1),(1845,8,1),(1846,8,1),(1847,8,1),(1848,8,1),(1849,8,1),(1850,8,1),(1851,8,1),(1852,8,1),(1853,8,1),(1854,8,1),(1855,8,1),(1856,8,1),(1857,8,1),(1858,8,1),(1859,8,1),(1860,8,1),(1861,9,2),(1862,9,2),(1863,9,2),(1864,9,2),(1865,9,2),(1866,9,2),(1867,9,2),(1868,9,2),(1869,9,2),(1870,9,2),(1871,9,2),(1872,9,2),(1873,9,2),(1874,9,2),(1875,9,2),(1876,9,2),(1877,9,2),(1878,9,2),(1879,9,2),(1880,9,2),(1881,9,2),(1882,9,2),(1883,9,2),(1884,9,2),(1885,9,2),(1886,9,2),(1887,9,2),(1888,9,2),(1889,9,2),(1890,9,2),(1891,9,2),(1892,9,2),(1893,9,2),(1894,9,2),(1895,9,2),(1896,9,2),(1897,9,2),(1898,9,2),(1899,9,2),(1900,9,2),(1901,9,3),(1902,9,3),(1903,9,3),(1904,9,3),(1905,9,3),(1906,9,3),(1907,9,3),(1908,9,3),(1909,9,3),(1910,9,3),(1911,9,3),(1912,9,3),(1913,9,3),(1914,9,3),(1915,9,3),(1916,9,3),(1917,9,3),(1918,9,3),(1919,9,3),(1920,9,3),(1921,9,3),(1922,9,3),(1923,9,3),(1924,9,3),(1925,9,3),(1926,9,3),(1927,9,3),(1928,9,3),(1929,9,3),(1930,9,3),(1931,9,3),(1932,9,3),(1933,9,3),(1934,9,3),(1935,9,3),(1936,9,3),(1937,9,3),(1938,9,3),(1939,9,3),(1940,9,3),(1941,9,1),(1942,9,1),(1943,9,1),(1944,9,1),(1945,9,1),(1946,9,1),(1947,9,1),(1948,9,1),(1949,9,1),(1950,9,1),(1951,9,1),(1952,9,1),(1953,9,1),(1954,9,1),(1955,9,1),(1956,9,1),(1957,9,1),(1958,9,1),(1959,9,1),(1960,9,1),(1961,10,2),(1962,10,2),(1963,10,2),(1964,10,2),(1965,10,2),(1966,10,2),(1967,10,2),(1968,10,2),(1969,10,2),(1970,10,2),(1971,10,2),(1972,10,2),(1973,10,2),(1974,10,2),(1975,10,2),(1976,10,2),(1977,10,2),(1978,10,2),(1979,10,2),(1980,10,2),(1981,10,2),(1982,10,2),(1983,10,2),(1984,10,2),(1985,10,2),(1986,10,2),(1987,10,2),(1988,10,2),(1989,10,2),(1990,10,2),(1991,10,2),(1992,10,2),(1993,10,2),(1994,10,2),(1995,10,2),(1996,10,2),(1997,10,2),(1998,10,2),(1999,10,2),(2000,10,2),(2001,10,3),(2002,10,3),(2003,10,3),(2004,10,3),(2005,10,3),(2006,10,3),(2007,10,3),(2008,10,3),(2009,10,3),(2010,10,3),(2011,10,3),(2012,10,3),(2013,10,3),(2014,10,3),(2015,10,3),(2016,10,3),(2017,10,3),(2018,10,3),(2019,10,3),(2020,10,3),(2021,10,3),(2022,10,3),(2023,10,3),(2024,10,3),(2025,10,3),(2026,10,3),(2027,10,3),(2028,10,3),(2029,10,3),(2030,10,3),(2031,10,3),(2032,10,3),(2033,10,3),(2034,10,3),(2035,10,3),(2036,10,3),(2037,10,3),(2038,10,3),(2039,10,3),(2040,10,3),(2041,10,1),(2042,10,1),(2043,10,1),(2044,10,1),(2045,10,1),(2046,10,1),(2047,10,1),(2048,10,1),(2049,10,1),(2050,10,1),(2051,10,1),(2052,10,1),(2053,10,1),(2054,10,1),(2055,10,1),(2056,10,1),(2057,10,1),(2058,10,1),(2059,10,1),(2060,10,1),(2061,1,2),(2062,1,2),(2063,1,2),(2064,1,2),(2065,1,2),(2066,1,2),(2067,1,2),(2068,1,2),(2069,1,2),(2070,1,2),(2071,1,2),(2072,1,2),(2073,1,2),(2074,1,2),(2075,1,2),(2076,1,2),(2077,1,2),(2078,1,2),(2079,1,2),(2080,1,2),(2081,1,2),(2082,1,2),(2083,1,2),(2084,1,2),(2085,1,2),(2086,1,2),(2087,1,2),(2088,1,2),(2089,1,2),(2090,1,2),(2091,1,2),(2092,1,2),(2093,1,2),(2094,1,2),(2095,1,2),(2096,1,2),(2097,1,2),(2098,1,2),(2099,1,2),(2100,1,2),(2101,1,3),(2102,1,3),(2103,1,3),(2104,1,3),(2105,1,3),(2106,1,3),(2107,1,3),(2108,1,3),(2109,1,3),(2110,1,3),(2111,1,3),(2112,1,3),(2113,1,3),(2114,1,3),(2115,1,3),(2116,1,3),(2117,1,3),(2118,1,3),(2119,1,3),(2120,1,3),(2121,1,3),(2122,1,3),(2123,1,3),(2124,1,3),(2125,1,3),(2126,1,3),(2127,1,3),(2128,1,3),(2129,1,3),(2130,1,3),(2131,1,3),(2132,1,3),(2133,1,3),(2134,1,3),(2135,1,3),(2136,1,3),(2137,1,3),(2138,1,3),(2139,1,3),(2140,1,3),(2141,1,1),(2142,1,1),(2143,1,1),(2144,1,1),(2145,1,1),(2146,1,1),(2147,1,1),(2148,1,1),(2149,1,1),(2150,1,1),(2151,1,1),(2152,1,1),(2153,1,1),(2154,1,1),(2155,1,1),(2156,1,1),(2157,1,1),(2158,1,1),(2159,1,1),(2160,1,1),(2161,2,2),(2162,2,2),(2163,2,2),(2164,2,2),(2165,2,2),(2166,2,2),(2167,2,2),(2168,2,2),(2169,2,2),(2170,2,2),(2171,2,2),(2172,2,2),(2173,2,2),(2174,2,2),(2175,2,2),(2176,2,2),(2177,2,2),(2178,2,2),(2179,2,2),(2180,2,2),(2181,2,2),(2182,2,2),(2183,2,2),(2184,2,2),(2185,2,2),(2186,2,2),(2187,2,2),(2188,2,2),(2189,2,2),(2190,2,2),(2191,2,2),(2192,2,2),(2193,2,2),(2194,2,2),(2195,2,2),(2196,2,2),(2197,2,2),(2198,2,2),(2199,2,2),(2200,2,2),(2201,2,3),(2202,2,3),(2203,2,3),(2204,2,3),(2205,2,3),(2206,2,3),(2207,2,3),(2208,2,3),(2209,2,3),(2210,2,3),(2211,2,3),(2212,2,3),(2213,2,3),(2214,2,3),(2215,2,3),(2216,2,3),(2217,2,3),(2218,2,3),(2219,2,3),(2220,2,3),(2221,2,3),(2222,2,3),(2223,2,3),(2224,2,3),(2225,2,3),(2226,2,3),(2227,2,3),(2228,2,3),(2229,2,3),(2230,2,3),(2231,2,3),(2232,2,3),(2233,2,3),(2234,2,3),(2235,2,3),(2236,2,3),(2237,2,3),(2238,2,3),(2239,2,3),(2240,2,3),(2241,2,1),(2242,2,1),(2243,2,1),(2244,2,1),(2245,2,1),(2246,2,1),(2247,2,1),(2248,2,1),(2249,2,1),(2250,2,1),(2251,2,1),(2252,2,1),(2253,2,1),(2254,2,1),(2255,2,1),(2256,2,1),(2257,2,1),(2258,2,1),(2259,2,1),(2260,2,1),(2261,3,2),(2262,3,2),(2263,3,2),(2264,3,2),(2265,3,2),(2266,3,2),(2267,3,2),(2268,3,2),(2269,3,2),(2270,3,2),(2271,3,2),(2272,3,2),(2273,3,2),(2274,3,2),(2275,3,2),(2276,3,2),(2277,3,2),(2278,3,2),(2279,3,2),(2280,3,2),(2281,3,2),(2282,3,2),(2283,3,2),(2284,3,2),(2285,3,2),(2286,3,2),(2287,3,2),(2288,3,2),(2289,3,2),(2290,3,2),(2291,3,2),(2292,3,2),(2293,3,2),(2294,3,2),(2295,3,2),(2296,3,2),(2297,3,2),(2298,3,2),(2299,3,2),(2300,3,2),(2301,3,3),(2302,3,3),(2303,3,3),(2304,3,3),(2305,3,3),(2306,3,3),(2307,3,3),(2308,3,3),(2309,3,3),(2310,3,3),(2311,3,3),(2312,3,3),(2313,3,3),(2314,3,3),(2315,3,3),(2316,3,3),(2317,3,3),(2318,3,3),(2319,3,3),(2320,3,3),(2321,3,3),(2322,3,3),(2323,3,3),(2324,3,3),(2325,3,3),(2326,3,3),(2327,3,3),(2328,3,3),(2329,3,3),(2330,3,3),(2331,3,3),(2332,3,3),(2333,3,3),(2334,3,3),(2335,3,3),(2336,3,3),(2337,3,3),(2338,3,3),(2339,3,3),(2340,3,3),(2341,3,1),(2342,3,1),(2343,3,1),(2344,3,1),(2345,3,1),(2346,3,1),(2347,3,1),(2348,3,1),(2349,3,1),(2350,3,1),(2351,3,1),(2352,3,1),(2353,3,1),(2354,3,1),(2355,3,1),(2356,3,1),(2357,3,1),(2358,3,1),(2359,3,1),(2360,3,1),(2361,4,2),(2362,4,2),(2363,4,2),(2364,4,2),(2365,4,2),(2366,4,2),(2367,4,2),(2368,4,2),(2369,4,2),(2370,4,2),(2371,4,2),(2372,4,2),(2373,4,2),(2374,4,2),(2375,4,2),(2376,4,2),(2377,4,2),(2378,4,2),(2379,4,2),(2380,4,2),(2381,4,2),(2382,4,2),(2383,4,2),(2384,4,2),(2385,4,2),(2386,4,2),(2387,4,2),(2388,4,2),(2389,4,2),(2390,4,2),(2391,4,2),(2392,4,2),(2393,4,2),(2394,4,2),(2395,4,2),(2396,4,2),(2397,4,2),(2398,4,2),(2399,4,2),(2400,4,2),(2401,4,3),(2402,4,3),(2403,4,3),(2404,4,3),(2405,4,3),(2406,4,3),(2407,4,3),(2408,4,3),(2409,4,3),(2410,4,3),(2411,4,3),(2412,4,3),(2413,4,3),(2414,4,3),(2415,4,3),(2416,4,3),(2417,4,3),(2418,4,3),(2419,4,3),(2420,4,3),(2421,4,3),(2422,4,3),(2423,4,3),(2424,4,3),(2425,4,3),(2426,4,3),(2427,4,3),(2428,4,3),(2429,4,3),(2430,4,3),(2431,4,3),(2432,4,3),(2433,4,3),(2434,4,3),(2435,4,3),(2436,4,3),(2437,4,3),(2438,4,3),(2439,4,3),(2440,4,3),(2441,4,1),(2442,4,1),(2443,4,1),(2444,4,1),(2445,4,1),(2446,4,1),(2447,4,1),(2448,4,1),(2449,4,1),(2450,4,1),(2451,4,1),(2452,4,1),(2453,4,1),(2454,4,1),(2455,4,1),(2456,4,1),(2457,4,1),(2458,4,1),(2459,4,1),(2460,4,1),(2461,19,2),(2462,19,2),(2463,19,2),(2464,19,2),(2465,19,2),(2466,19,2),(2467,19,2),(2468,19,2),(2469,19,2),(2470,19,2),(2471,19,2),(2472,19,2),(2473,19,2),(2474,19,2),(2475,19,2),(2476,19,2),(2477,19,2),(2478,19,2),(2479,19,2),(2480,19,2),(2481,19,2),(2482,19,2),(2483,19,2),(2484,19,2),(2485,19,2),(2486,19,2),(2487,19,2),(2488,19,2),(2489,19,2),(2490,19,2),(2491,19,2),(2492,19,2),(2493,19,2),(2494,19,2),(2495,19,2),(2496,19,2),(2497,19,2),(2498,19,2),(2499,19,2),(2500,19,2),(2501,19,3),(2502,19,3),(2503,19,3),(2504,19,3),(2505,19,3),(2506,19,3),(2507,19,3),(2508,19,3),(2509,19,3),(2510,19,3),(2511,19,3),(2512,19,3),(2513,19,3),(2514,19,3),(2515,19,3),(2516,19,3),(2517,19,3),(2518,19,3),(2519,19,3),(2520,19,3),(2521,19,3),(2522,19,3),(2523,19,3),(2524,19,3),(2525,19,3),(2526,19,3),(2527,19,3),(2528,19,3),(2529,19,3),(2530,19,3),(2531,19,3),(2532,19,3),(2533,19,3),(2534,19,3),(2535,19,3),(2536,19,3),(2537,19,3),(2538,19,3),(2539,19,3),(2540,19,3),(2541,19,1),(2542,19,1),(2543,19,1),(2544,19,1),(2545,19,1),(2546,19,1),(2547,19,1),(2548,19,1),(2549,19,1),(2550,19,1),(2551,19,1),(2552,19,1),(2553,19,1),(2554,19,1),(2555,19,1),(2556,19,1),(2557,19,1),(2558,19,1),(2559,19,1),(2560,19,1),(2561,20,2),(2562,20,2),(2563,20,2),(2564,20,2),(2565,20,2),(2566,20,2),(2567,20,2),(2568,20,2),(2569,20,2),(2570,20,2),(2571,20,2),(2572,20,2),(2573,20,2),(2574,20,2),(2575,20,2),(2576,20,2),(2577,20,2),(2578,20,2),(2579,20,2),(2580,20,2),(2581,20,2),(2582,20,2),(2583,20,2),(2584,20,2),(2585,20,2),(2586,20,2),(2587,20,2),(2588,20,2),(2589,20,2),(2590,20,2),(2591,20,2),(2592,20,2),(2593,20,2),(2594,20,2),(2595,20,2),(2596,20,2),(2597,20,2),(2598,20,2),(2599,20,2),(2600,20,2),(2601,20,3),(2602,20,3),(2603,20,3),(2604,20,3),(2605,20,3),(2606,20,3),(2607,20,3),(2608,20,3),(2609,20,3),(2610,20,3),(2611,20,3),(2612,20,3),(2613,20,3),(2614,20,3),(2615,20,3),(2616,20,3),(2617,20,3),(2618,20,3),(2619,20,3),(2620,20,3),(2621,20,3),(2622,20,3),(2623,20,3),(2624,20,3),(2625,20,3),(2626,20,3),(2627,20,3),(2628,20,3),(2629,20,3),(2630,20,3),(2631,20,3),(2632,20,3),(2633,20,3),(2634,20,3),(2635,20,3),(2636,20,3),(2637,20,3),(2638,20,3),(2639,20,3),(2640,20,3),(2641,20,1),(2642,20,1),(2643,20,1),(2644,20,1),(2645,20,1),(2646,20,1),(2647,20,1),(2648,20,1),(2649,20,1),(2650,20,1),(2651,20,1),(2652,20,1),(2653,20,1),(2654,20,1),(2655,20,1),(2656,20,1),(2657,20,1),(2658,20,1),(2659,20,1),(2660,20,1),(2661,21,2),(2662,21,2),(2663,21,2),(2664,21,2),(2665,21,2),(2666,21,2),(2667,21,2),(2668,21,2),(2669,21,2),(2670,21,2),(2671,21,2),(2672,21,2),(2673,21,2),(2674,21,2),(2675,21,2),(2676,21,2),(2677,21,2),(2678,21,2),(2679,21,2),(2680,21,2),(2681,21,2),(2682,21,2),(2683,21,2),(2684,21,2),(2685,21,2),(2686,21,2),(2687,21,2),(2688,21,2),(2689,21,2),(2690,21,2),(2691,21,2),(2692,21,2),(2693,21,2),(2694,21,2),(2695,21,2),(2696,21,2),(2697,21,2),(2698,21,2),(2699,21,2),(2700,21,2),(2701,21,3),(2702,21,3),(2703,21,3),(2704,21,3),(2705,21,3),(2706,21,3),(2707,21,3),(2708,21,3),(2709,21,3),(2710,21,3),(2711,21,3),(2712,21,3),(2713,21,3),(2714,21,3),(2715,21,3),(2716,21,3),(2717,21,3),(2718,21,3),(2719,21,3),(2720,21,3),(2721,21,3),(2722,21,3),(2723,21,3),(2724,21,3),(2725,21,3),(2726,21,3),(2727,21,3),(2728,21,3),(2729,21,3),(2730,21,3),(2731,21,3),(2732,21,3),(2733,21,3),(2734,21,3),(2735,21,3),(2736,21,3),(2737,21,3),(2738,21,3),(2739,21,3),(2740,21,3),(2741,21,1),(2742,21,1),(2743,21,1),(2744,21,1),(2745,21,1),(2746,21,1),(2747,21,1),(2748,21,1),(2749,21,1),(2750,21,1),(2751,21,1),(2752,21,1),(2753,21,1),(2754,21,1),(2755,21,1),(2756,21,1),(2757,21,1),(2758,21,1),(2759,21,1),(2760,21,1),(2761,22,2),(2762,22,2),(2763,22,2),(2764,22,2),(2765,22,2),(2766,22,2),(2767,22,2),(2768,22,2),(2769,22,2),(2770,22,2),(2771,22,2),(2772,22,2),(2773,22,2),(2774,22,2),(2775,22,2),(2776,22,2),(2777,22,2),(2778,22,2),(2779,22,2),(2780,22,2),(2781,22,2),(2782,22,2),(2783,22,2),(2784,22,2),(2785,22,2),(2786,22,2),(2787,22,2),(2788,22,2),(2789,22,2),(2790,22,2),(2791,22,2),(2792,22,2),(2793,22,2),(2794,22,2),(2795,22,2),(2796,22,2),(2797,22,2),(2798,22,2),(2799,22,2),(2800,22,2),(2801,22,3),(2802,22,3),(2803,22,3),(2804,22,3),(2805,22,3),(2806,22,3),(2807,22,3),(2808,22,3),(2809,22,3),(2810,22,3),(2811,22,3),(2812,22,3),(2813,22,3),(2814,22,3),(2815,22,3),(2816,22,3),(2817,22,3),(2818,22,3),(2819,22,3),(2820,22,3),(2821,22,3),(2822,22,3),(2823,22,3),(2824,22,3),(2825,22,3),(2826,22,3),(2827,22,3),(2828,22,3),(2829,22,3),(2830,22,3),(2831,22,3),(2832,22,3),(2833,22,3),(2834,22,3),(2835,22,3),(2836,22,3),(2837,22,3),(2838,22,3),(2839,22,3),(2840,22,3),(2841,22,1),(2842,22,1),(2843,22,1),(2844,22,1),(2845,22,1),(2846,22,1),(2847,22,1),(2848,22,1),(2849,22,1),(2850,22,1),(2851,22,1),(2852,22,1),(2853,22,1),(2854,22,1),(2855,22,1),(2856,22,1),(2857,22,1),(2858,22,1),(2859,22,1),(2860,22,1),(2861,17,2),(2862,17,2),(2863,17,2),(2864,17,2),(2865,17,2),(2866,17,2),(2867,17,2),(2868,17,2),(2869,17,2),(2870,17,2),(2871,17,2),(2872,17,2),(2873,17,2),(2874,17,2),(2875,17,2),(2876,17,2),(2877,17,2),(2878,17,2),(2879,17,2),(2880,17,2),(2881,17,2),(2882,17,2),(2883,17,2),(2884,17,2),(2885,17,2),(2886,17,2),(2887,17,2),(2888,17,2),(2889,17,2),(2890,17,2),(2891,17,2),(2892,17,2),(2893,17,2),(2894,17,2),(2895,17,2),(2896,17,2),(2897,17,2),(2898,17,2),(2899,17,2),(2900,17,2),(2901,17,3),(2902,17,3),(2903,17,3),(2904,17,3),(2905,17,3),(2906,17,3),(2907,17,3),(2908,17,3),(2909,17,3),(2910,17,3),(2911,17,3),(2912,17,3),(2913,17,3),(2914,17,3),(2915,17,3),(2916,17,3),(2917,17,3),(2918,17,3),(2919,17,3),(2920,17,3),(2921,17,3),(2922,17,3),(2923,17,3),(2924,17,3),(2925,17,3),(2926,17,3),(2927,17,3),(2928,17,3),(2929,17,3),(2930,17,3),(2931,17,3),(2932,17,3),(2933,17,3),(2934,17,3),(2935,17,3),(2936,17,3),(2937,17,3),(2938,17,3),(2939,17,3),(2940,17,3),(2941,17,1),(2942,17,1),(2943,17,1),(2944,17,1),(2945,17,1),(2946,17,1),(2947,17,1),(2948,17,1),(2949,17,1),(2950,17,1),(2951,17,1),(2952,17,1),(2953,17,1),(2954,17,1),(2955,17,1),(2956,17,1),(2957,17,1),(2958,17,1),(2959,17,1),(2960,17,1);
/*!40000 ALTER TABLE `seat` ENABLE KEYS */;
UNLOCK TABLES;

--
-- Table structure for table `staff`
--

DROP TABLE IF EXISTS `staff`;
/*!40101 SET @saved_cs_client     = @@character_set_client */;
/*!50503 SET character_set_client = utf8mb4 */;
CREATE TABLE `staff` (
  `staff_id` int NOT NULL AUTO_INCREMENT,
  `first_name` varchar(50) NOT NULL,
  `last_name` varchar(50) NOT NULL,
  `city` varchar(100) DEFAULT NULL,
  `username` varchar(255) DEFAULT NULL,
  `password` varchar(255) DEFAULT NULL,
  PRIMARY KEY (`staff_id`),
  KEY `city` (`city`),
  CONSTRAINT `staff_ibfk_1` FOREIGN KEY (`city`) REFERENCES `cinemas` (`City`) ON DELETE SET NULL
) ENGINE=InnoDB AUTO_INCREMENT=17 DEFAULT CHARSET=utf8mb4 COLLATE=utf8mb4_0900_ai_ci;
/*!40101 SET character_set_client = @saved_cs_client */;

--
-- Dumping data for table `staff`
--

LOCK TABLES `staff` WRITE;
/*!40000 ALTER TABLE `staff` DISABLE KEYS */;
INSERT INTO `staff` VALUES (7,'Mohamed','Abdalla','London','m2248','4fc82b26aecb47d2868c4efbe3581732a3e7cbcc6c2efb32062c08170a05eeb8'),(8,'Marwan','Ibrahim','Bristol','maro','4fc82b26aecb47d2868c4efbe3581732a3e7cbcc6c2efb32062c08170a05eeb8'),(9,'Amr','Bassiou','Birmingham','amr','4fc82b26aecb47d2868c4efbe3581732a3e7cbcc6c2efb32062c08170a05eeb8'),(10,'Mohamed','Abdelkrim','Cardiff','mivida','4fc82b26aecb47d2868c4efbe3581732a3e7cbcc6c2efb32062c08170a05eeb8'),(12,'Ashraf','Mohamed','Luton','ashraf','4fc82b26aecb47d2868c4efbe3581732a3e7cbcc6c2efb32062c08170a05eeb8'),(13,'Testing','Test','London','test','03ac674216f3e15c761ee1a5e255f067953623c8b388b4459e13f978d7c846f4'),(14,'Marwan','Ibrahim','Bristol','marwannaly','4fc82b26aecb47d2868c4efbe3581732a3e7cbcc6c2efb32062c08170a05eeb8'),(15,'jack','jones',NULL,'jack','4fc82b26aecb47d2868c4efbe3581732a3e7cbcc6c2efb32062c08170a05eeb8');
/*!40000 ALTER TABLE `staff` ENABLE KEYS */;
UNLOCK TABLES;

--
-- Table structure for table `time`
--

DROP TABLE IF EXISTS `time`;
/*!40101 SET @saved_cs_client     = @@character_set_client */;
/*!50503 SET character_set_client = utf8mb4 */;
CREATE TABLE `time` (
  `Time_ID` int NOT NULL AUTO_INCREMENT,
  `time_period` varchar(10) DEFAULT NULL,
  PRIMARY KEY (`Time_ID`)
) ENGINE=InnoDB AUTO_INCREMENT=5 DEFAULT CHARSET=utf8mb4 COLLATE=utf8mb4_0900_ai_ci;
/*!40101 SET character_set_client = @saved_cs_client */;

--
-- Dumping data for table `time`
--

LOCK TABLES `time` WRITE;
/*!40000 ALTER TABLE `time` DISABLE KEYS */;
INSERT INTO `time` VALUES (2,'Morning'),(3,'Afternoon'),(4,'Night');
/*!40000 ALTER TABLE `time` ENABLE KEYS */;
UNLOCK TABLES;

--
-- Dumping routines for database 'hcinema'
--
/*!40103 SET TIME_ZONE=@OLD_TIME_ZONE */;

/*!40101 SET SQL_MODE=@OLD_SQL_MODE */;
/*!40014 SET FOREIGN_KEY_CHECKS=@OLD_FOREIGN_KEY_CHECKS */;
/*!40014 SET UNIQUE_CHECKS=@OLD_UNIQUE_CHECKS */;
/*!40101 SET CHARACTER_SET_CLIENT=@OLD_CHARACTER_SET_CLIENT */;
/*!40101 SET CHARACTER_SET_RESULTS=@OLD_CHARACTER_SET_RESULTS */;
/*!40101 SET COLLATION_CONNECTION=@OLD_COLLATION_CONNECTION */;
/*!40111 SET SQL_NOTES=@OLD_SQL_NOTES */;

-- Dump completed on 2025-04-27  2:21:08
